{
  "project_info": {
    "project_number": "811449571527",
    "firebase_url": "https://schudulecontact.firebaseio.com",
    "project_id": "schudulecontact",
    "storage_bucket": "schudulecontact.appspot.com"
  },
  "client": [
    {
      "client_info": {
        "mobilesdk_app_id": "1:811449571527:android:91acb5fffc76440f",
        "android_client_info": {
          "package_name": "agenda.prueba1.agenda_firebase1"
        }
      },
      "oauth_client": [
        {
          "client_id": "811449571527-ti4cb89ti0slk65f19gicaq7f021qfl0.apps.googleusercontent.com",
          "client_type": 1,
          "android_info": {
            "package_name": "agenda.prueba1.agenda_firebase1",
            "certificate_hash": "26314a63f8a09acd5387dd697612e79afdfa7fad"
          }
        },
        {
          "client_id": "811449571527-n5bit4mllulg25c0fc57e2lk88j7plnh.apps.googleusercontent.com",
          "client_type": 3
        }
      ],
      "api_key": [
        {
          "current_key": "AIzaSyBwag_c_TUYv562ed8nGvnlVJ88JOD28RU"
        }
      ],
      "services": {
        "appinvite_service": {
          "other_platform_oauth_client": [
            {
              "client_id": "811449571527-n5bit4mllulg25c0fc57e2lk88j7plnh.apps.googleusercontent.com",
              "client_type": 3
            }
          ]
        }
      }
    },
    {
      "client_info": {
        "mobilesdk_app_id": "1:811449571527:android:1f9f3c4ee1235e15",
        "android_client_info": {
          "package_name": "com.example.schudulecontac"
        }
      },
      "oauth_client": [
        {
          "client_id": "811449571527-mng0v1muav7kjppjppqhunloh6utd7l9.apps.googleusercontent.com",
          "client_type": 1,
          "android_info": {
            "package_name": "com.example.schudulecontac",
            "certificate_hash": "08f107bacb8abf8f9ad37ca2b9936ce8257a1de4"
          }
        },
        {
          "client_id": "811449571527-n5bit4mllulg25c0fc57e2lk88j7plnh.apps.googleusercontent.com",
          "client_type": 3
        }
      ],
      "api_key": [
        {
          "current_key": "AIzaSyBwag_c_TUYv562ed8nGvnlVJ88JOD28RU"
        }
      ],
      "services": {
        "appinvite_service": {
          "other_platform_oauth_client": [
            {
              "client_id": "811449571527-n5bit4mllulg25c0fc57e2lk88j7plnh.apps.googleusercontent.com",
              "client_type": 3
            }
          ]
        }
      }
    }
  ],
  "configuration_version": "1"
}